[
  {
    "value": "POO",
    "synonyms": [
      "POO",
      "Programación orientada a objetos"
    ]
  },
  {
    "value": "Clase",
    "synonyms": [
      "Clase",
      ".h",
      ".cpp"
    ]
  },
  {
    "value": "Entero",
    "synonyms": [
      "Entero",
      "Int",
      "numero"
    ]
  },
  {
    "value": "Variables",
    "synonyms": [
      "Variables"
    ]
  },
  {
    "value": "Bucle",
    "synonyms": [
      "bucle",
      "loop",
      "for",
      "while"
    ]
  },
  {
    "value": "Punteros",
    "synonyms": [
      "Punteros"
    ]
  },
  {
    "value": "Array",
    "synonyms": [
      "vector",
      "array",
      "arraylist"
    ]
  },
  {
    "value": "Herencia",
    "synonyms": [
      "Herencia",
      "poliformismo"
    ]
  },
  {
    "value": "Librerias",
    "synonyms": [
      "librerias",
      "studio.h",
      "iostream",
      "cstring"
    ]
  },
  {
    "value": "Convertir_variables",
    "synonyms": [
      "convertir varibles",
      "string to char",
      "string a char",
      "entero a string",
      "number to string"
    ]
  },
  {
    "value": "Ficheros",
    "synonyms": [
      "ficheros",
      "ficheros binario",
      "fichero de entrada",
      "fichero de salida"
    ]
  },
  {
    "value": "Condicion",
    "synonyms": [
      "Condicion",
      "if",
      "switch",
      "else"
    ]
  },
  {
    "value": "Recursividad",
    "synonyms": [
      "Recursividad"
    ]
  },
  {
    "value": "Cout",
    "synonyms": [
      "cout",
      "cin",
      "cin.get",
      "getline",
      "Imprimir por pantalla"
    ]
  },
  {
    "value": "String",
    "synonyms": [
      "string",
      "array de caracteres"
    ]
  },
  {
    "value": "Bool",
    "synonyms": [
      "bool",
      "boolean",
      "boleano",
      "booleano"
    ]
  },
  {
    "value": "Float",
    "synonyms": [
      "float",
      "flotante"
    ]
  },
  {
    "value": "Double",
    "synonyms": [
      "double",
      "doble"
    ]
  },
  {
    "value": "Constante",
    "synonyms": [
      "constante",
      "const",
      "static"
    ]
  },
  {
    "value": "Unsigned",
    "synonyms": [
      "unsigned",
      "sin signo"
    ]
  },
  {
    "value": "Metodos",
    "synonyms": [
      "metodos",
      "funciones",
      "void"
    ]
  },
  {
    "value": "Makefile",
    "synonyms": [
      "makefile",
      "make"
    ]
  },
  {
    "value": "Estructuras",
    "synonyms": [
      "Estructuras",
      "structs",
      "registros"
    ]
  },
  {
    "value": "Enum",
    "synonyms": [
      "Enum",
      "Enumerados"
    ]
  },
  {
    "value": "Sobrecarga",
    "synonyms": [
      "Sobrecarga",
      "Sobrecargar operador"
    ]
  },
  {
    "value": "Constructores",
    "synonyms": [
      "Constructores",
      "Constructor"
    ]
  },
  {
    "value": "Generica",
    "synonyms": [
      "Generica",
      "En general",
      "Cosas",
      "Conocimiento",
      "conoces"
    ]
  }
]