[
  {
    "id": "e505d879-aca4-40ad-a6b8-c53a648ea7cb",
    "data": [
      {
        "text": "Información de",
        "userDefined": false
      },
      {
        "text": " ",
        "userDefined": false
      },
      {
        "text": "categoria",
        "meta": "@sys.any",
        "alias": "categoria",
        "userDefined": false
      }
    ],
    "isTemplate": false,
    "count": 0,
    "lang": "es",
    "updated": 0
  },
  {
    "id": "64afe2ff-cc20-42e7-9414-81d0304f3729",
    "data": [
      {
        "text": "categoria",
        "meta": "@sys.any",
        "alias": "categoria",
        "userDefined": false
      }
    ],
    "isTemplate": false,
    "count": 0,
    "lang": "es",
    "updated": 0
  },
  {
    "id": "182945f0-ba26-45d1-a3d8-dd1a2340a333",
    "data": [
      {
        "text": "Sobre ",
        "userDefined": false
      },
      {
        "text": "categoria",
        "meta": "@sys.any",
        "alias": "categoria",
        "userDefined": true
      }
    ],
    "isTemplate": false,
    "count": 0,
    "lang": "es",
    "updated": 0
  }
]