[
  {
    "id": "c243dbf2-eeb6-47b1-b3a3-5b8e47348e08",
    "data": [
      {
        "text": "cualquier cosa que no se un enlace",
        "meta": "@sys.any",
        "alias": "residual",
        "userDefined": true
      }
    ],
    "isTemplate": false,
    "count": 0,
    "lang": "es",
    "updated": 0
  },
  {
    "id": "0efa31ad-f167-4f68-bc2a-5f1277fc07db",
    "data": [
      {
        "text": "enlace",
        "meta": "@sys.url",
        "alias": "enlace",
        "userDefined": true
      }
    ],
    "isTemplate": false,
    "count": 0,
    "lang": "es",
    "updated": 0
  }
]