[
  {
    "id": "b7f17d41-9c51-4595-b345-619b31fd851f",
    "data": [
      {
        "text": "Holi",
        "userDefined": false
      }
    ],
    "isTemplate": false,
    "count": 0,
    "lang": "es",
    "updated": 0
  },
  {
    "id": "b5e9cd96-37ba-46a7-b3f0-76a0f3feb002",
    "data": [
      {
        "text": "Hi",
        "userDefined": false
      }
    ],
    "isTemplate": false,
    "count": 0,
    "lang": "es",
    "updated": 0
  },
  {
    "id": "eb5de12e-5851-4602-8100-ecc0dab01845",
    "data": [
      {
        "text": "Saludos",
        "userDefined": false
      }
    ],
    "isTemplate": false,
    "count": 0,
    "lang": "es",
    "updated": 0
  },
  {
    "id": "b879a29c-d046-480c-8953-5d835b7ded5b",
    "data": [
      {
        "text": "Buenas",
        "userDefined": false
      }
    ],
    "isTemplate": false,
    "count": 0,
    "lang": "es",
    "updated": 0
  },
  {
    "id": "c5f61783-7507-48dd-b8bb-c5802a56884a",
    "data": [
      {
        "text": "Hola",
        "userDefined": false
      }
    ],
    "isTemplate": false,
    "count": 0,
    "lang": "es",
    "updated": 0
  }
]