[
  {
    "id": "8519ebee-068d-44a7-9cbc-7c9817ae7393",
    "data": [
      {
        "text": "Hora",
        "userDefined": false
      },
      {
        "text": " de entrenar",
        "userDefined": false
      }
    ],
    "isTemplate": false,
    "count": 0,
    "lang": "es",
    "updated": 0
  },
  {
    "id": "30639eb6-564c-4fe7-a052-7f888c99dfe4",
    "data": [
      {
        "text": "Voy a ",
        "userDefined": false
      },
      {
        "text": "entrenarte",
        "userDefined": false
      }
    ],
    "isTemplate": false,
    "count": 0,
    "lang": "es",
    "updated": 0
  },
  {
    "id": "4f471b90-24e6-43cb-b894-bd213d69f46d",
    "data": [
      {
        "text": "Vamos a entrenar",
        "userDefined": false
      }
    ],
    "isTemplate": false,
    "count": 0,
    "lang": "es",
    "updated": 0
  },
  {
    "id": "ac19a6e1-4582-4a32-8b10-334e0b6fab38",
    "data": [
      {
        "text": "Me gustaria ",
        "userDefined": false
      },
      {
        "text": "entrenarte",
        "userDefined": false
      }
    ],
    "isTemplate": false,
    "count": 0,
    "lang": "es",
    "updated": 0
  },
  {
    "id": "4da32bf0-f8df-4b14-b3c6-87d68a3ddc19",
    "data": [
      {
        "text": "Modo entrenamiento",
        "userDefined": false
      }
    ],
    "isTemplate": false,
    "count": 0,
    "lang": "es",
    "updated": 0
  },
  {
    "id": "90c424e9-4bd8-4e58-b763-dd6011c897b3",
    "data": [
      {
        "text": "Quiero enseñarte ",
        "userDefined": false
      },
      {
        "text": "una",
        "userDefined": false
      },
      {
        "text": " cosa",
        "userDefined": false
      }
    ],
    "isTemplate": false,
    "count": 0,
    "lang": "es",
    "updated": 0
  }
]